{"accuracy": [0.6821500062942505, 0.8461750149726868, 0.8723250031471252, 0.8864250183105469, 0.8949499726295471, 0.9039999842643738, 0.9065999984741211], "loss": [0.89068204164505, 0.45250242948532104, 0.3567071259021759, 0.3148590922355652, 0.2913091480731964, 0.26964837312698364, 0.2619462013244629], "val_accuracy": [0.8414999842643738, 0.8597999811172485, 0.8669999837875366, 0.8669999837875366, 0.869700014591217, 0.8679999709129333, 0.8651000261306763], "val_loss": [0.5098192691802979, 0.37720027565956116, 0.3429923951625824, 0.3359740078449249, 0.334709495306015, 0.33717435598373413, 0.34223511815071106]}